{
  "original_frontier_ratios": {
    "adaboost": 0.24324324324324326,
    "bayesian": 0.7666666666666667,
    "baseline": 0.34210526315789475
  },
  "bootstrap": {
    "adaboost": {
      "mean": 0.1632702702702703,
      "ci_lower": 0.05405405405405406,
      "ci_upper": 0.2972972972972973
    },
    "bayesian": {
      "mean": 0.3830333333333333,
      "ci_lower": 0.1,
      "ci_upper": 0.6666666666666666
    },
    "baseline": {
      "mean": 0.18305263157894738,
      "ci_lower": 0.02631578947368421,
      "ci_upper": 0.34210526315789475
    }
  },
  "permutation_tests": {
    "adaboost_vs_baseline": {
      "observed_diff": -0.09886201991465149,
      "p_value": 0.9578
    },
    "bayesian_vs_baseline": {
      "observed_diff": 0.424561403508772,
      "p_value": 0.01
    },
    "adaboost_vs_bayesian": {
      "observed_diff": -0.5234234234234234,
      "p_value": 0.0713
    }
  },
  "per_sample": {
    "sample_rates": {
      "adaboost": [
        0.8918918918918919,
        0.7837837837837838,
        0.9459459459459459,
        0.5945945945945946,
        0.0,
        0.7027027027027027,
        0.6756756756756757,
        0.8108108108108109,
        0.05405405405405406,
        0.7297297297297297,
        0.918918918918919,
        1.0,
        0.02702702702702703,
        0.8648648648648649,
        0.972972972972973,
        0.02702702702702703,
        0.6216216216216216,
        0.5135135135135135,
        0.9459459459459459,
        0.8378378378378378,
        0.10810810810810811,
        0.7027027027027027,
        0.8378378378378378,
        0.2972972972972973,
        0.8378378378378378,
        0.6216216216216216,
        0.9459459459459459,
        0.8918918918918919,
        0.5405405405405406,
        0.0
      ],
      "bayesian": [
        0.7333333333333333,
        0.6333333333333333,
        0.8,
        0.4,
        0.03333333333333333,
        0.8,
        0.7333333333333333,
        0.7666666666666667,
        0.03333333333333333,
        0.7,
        0.8,
        0.9,
        0.06666666666666667,
        0.6666666666666666,
        1.0,
        0.06666666666666667,
        0.26666666666666666,
        0.5,
        0.9666666666666667,
        0.8666666666666667,
        0.03333333333333333,
        0.5333333333333333,
        0.7,
        0.3333333333333333,
        0.6666666666666666,
        0.36666666666666664,
        0.9333333333333333,
        0.8,
        0.5333333333333333,
        0.0
      ],
      "baseline": [
        0.5789473684210527,
        0.5263157894736842,
        0.8421052631578947,
        0.5263157894736842,
        0.0,
        0.6578947368421053,
        0.5789473684210527,
        0.6842105263157895,
        0.0,
        0.631578947368421,
        0.6578947368421053,
        0.7631578947368421,
        0.07894736842105263,
        0.7631578947368421,
        0.9210526315789473,
        0.0,
        0.5789473684210527,
        0.2631578947368421,
        0.8947368421052632,
        0.7894736842105263,
        0.13157894736842105,
        0.4473684210526316,
        0.6842105263157895,
        0.05263157894736842,
        0.7368421052631579,
        0.7105263157894737,
        0.7631578947368421,
        0.631578947368421,
        0.3684210526315789,
        0.02631578947368421
      ]
    },
    "sample_wins": {
      "adaboost": 18.0,
      "bayesian": 8.0,
      "baseline": 4.0
    },
    "pairwise_comparisons": {
      "adaboost_vs_bayesian": {
        "m1_wins": 20,
        "m2_wins": 9,
        "ties": 1
      },
      "adaboost_vs_baseline": {
        "m1_wins": 25,
        "m2_wins": 4,
        "ties": 1
      },
      "bayesian_vs_baseline": {
        "m1_wins": 21,
        "m2_wins": 9,
        "ties": 0
      }
    }
  },
  "quality": {
    "quality_stats": {
      "adaboost": {
        "mean": 0.6234234234234233,
        "std": 0.13729800666625286,
        "median": 0.6666666666666666,
        "min": 0.13333333333333333,
        "max": 0.8,
        "n_candidates": 37
      },
      "bayesian": {
        "mean": 0.5544444444444443,
        "std": 0.10345273865781644,
        "median": 0.5666666666666667,
        "min": 0.3333333333333333,
        "max": 0.7666666666666667,
        "n_candidates": 30
      },
      "baseline": {
        "mean": 0.5096491228070176,
        "std": 0.17785398682032827,
        "median": 0.55,
        "min": 0.03333333333333333,
        "max": 0.7666666666666667,
        "n_candidates": 38
      }
    },
    "pairwise_tests": {
      "adaboost_vs_bayesian": {
        "mann_whitney_u": 813.5,
        "p_value": 0.0010609239250198661,
        "effect_size_rank_biserial": -0.46576576576576567,
        "ks_statistic": 0.45675675675675675,
        "ks_p_value": 0.0011673371802443818
      },
      "adaboost_vs_baseline": {
        "mann_whitney_u": 1010.5,
        "p_value": 0.0010619069791328827,
        "effect_size_rank_biserial": -0.4374110953058321,
        "ks_statistic": 0.414651493598862,
        "ks_p_value": 0.0018875623341155052
      },
      "bayesian_vs_baseline": {
        "mann_whitney_u": 619.5,
        "p_value": 0.5435206461024302,
        "effect_size_rank_biserial": -0.08684210526315783,
        "ks_statistic": 0.21578947368421053,
        "ks_p_value": 0.3530979398524234
      }
    }
  },
  "domination": {
    "adaboost": {
      "n_candidates": 37,
      "dominates_count": {
        "mean": 2.72972972972973,
        "max": 28,
        "std": 4.676847220826652
      },
      "dominated_by_count": {
        "mean": 2.72972972972973,
        "max": 27,
        "std": 4.87491454477367
      },
      "gini_coefficient": 0.6283114797966283,
      "max_dominator_ratio": 0.7777777777777778
    },
    "bayesian": {
      "n_candidates": 30,
      "dominates_count": {
        "mean": 0.43333333333333335,
        "max": 7,
        "std": 1.308519095092701
      },
      "dominated_by_count": {
        "mean": 0.43333333333333335,
        "max": 4,
        "std": 0.9195409482755815
      },
      "gini_coefficient": 0.8846153846153846,
      "max_dominator_ratio": 0.2413793103448276
    },
    "baseline": {
      "n_candidates": 38,
      "dominates_count": {
        "mean": 2.736842105263158,
        "max": 16,
        "std": 3.3061681630609288
      },
      "dominated_by_count": {
        "mean": 2.736842105263158,
        "max": 33,
        "std": 5.692489098185784
      },
      "gini_coefficient": 0.55414979757085,
      "max_dominator_ratio": 0.43243243243243246
    }
  }
}